"ticker","name","issue_nb","last_month_trades_count"
FRHC.US,FREEDOM HOLDING CORP-NV,US3563901046,6557049
NVDA.US,Nvidia Corporation,US67066G1040,41296
TSLA.US,Tesla Motors Inc,US88160R1014,33558
NBIS.US,Nebius Group NV,NL0009805522,24103
AMD.US,Advanced Micro Devices,US0079031078,17198
MSTR.US,MicroStrategy Incorporated,US5949724083,15496
NFLX.US,NetFlix Inc.,US64110L1061,15189
MARA.US,Marathon Digital Holdings Inc,US5657881067,15048
ORCL.US,Oracle Corp.,US68389X1054,13432
MU.US,Micron Technology,US5951121038,12673
COIN.US,"Coinbase Global, Inc.",US19260Q1076,12133
IREN.US,Iris Energy Ltd,AU0000185993,11808
PLTR.US,Palantir Technologies Inc,US69608A1088,11591
GOOGL.US,ALPHABET INC-CL A,US02079K3059,11255
CRWV.US,CoreWeave,US21873S1087,10727
META.US,"Meta Platforms, Inc.",US30303M1027,10625
AMZN.US,Amazon.com Inc,US0231351067,9356
AAPL.US,Apple Inc.,US0378331005,9045
HOOD.US,Robinhood Markets Inc,US7707001027,8887
INTC.US,Intel Corp.,US4581401001,7990
MSFT.US,Microsoft Corp.,US5949181045,7140
BMNR.US,BitMine Immersion Technologies Inc,US09175A2069,6630
CLSK.US,Cleanspark Inc,US18452B2097,6422
AVGO.US,BROADCOM INC,US11135F1012,6375
SMCI.US,Super Micro Computer Inc,US86800U3023,6153
CIFR.US,Cipher Mining Inc,US17253J1060,5698
SOFI.US,SoFi Technologies Inc,US83406F1021,5521
CRCL.US,Circle Internet Corp,US1725731079,5271
PYPL.US,PAYPAL HLDGS INC,US70450Y1038,5027
FLNC.US,FLUENCE ENERGY INC,US34379V1035,5003
RKLB.US,Rocket Lab Corporation,US7731211089,4977
IONQ.US,IonQ Inc,US46222L1089,4753
KO.US,Coca Cola Co.,US1912161007,4609
O.US,Realty Income Corp,US7561091049,4573
NKE.US,NIKE Inc.,US6541061031,4546
PFE.US,Pfizer Inc.,US7170811035,4502
QBTS.US,D-Wave Quantum Inc,US26740W1099,4500
ADBE.US,Adobe Systems Inc,US00724F1012,4361
UBER.US,Uber Technologies,US90353T1007,4226
RIOT.US,Riot Platforms Inc,US7672921050,4147
MRVL.US,MARVELL TECHNOLOGY INC,US5738741041,4091
MRNA.US,Moderna Inc,US60770K1079,3977
RGTI.US,RIGETTI COMPUTING INC,US76655K1034,3950
HIMS.US,HIMS & HERS HEALTH INC,US4330001060,3712
ONDS.US,Ondas Holdings Inc,US68236H2040,3557
S.US,SentinelOne Inc,US81730H1095,3554
CRM.US,Salesforce.com,US79466L3024,3539
ZETA.US,Zeta Global Holdings Corp,US98956A1051,3467
CCHH.US,CCH Holdings Ltd,KYG1993F1063,3392
UNH.US,United Health Group Inc.,US91324P1021,3245
RIVN.US,Rivian Automotive Inc.,US76954A1034,3157
AA.US,Alcoa Inc,US0138721065,3070
NEM.US,Newmont Mining Corp. (Hldg. Co.),US6516391066,2910
SMR.US,NuScale Power Corp,US67079K1007,2890
LULU.US,Lululemon Athletica Inc,US5500211090,2886
VNRX.US,VolitionRX Ltd,US9286611077,2861
APLD.US,Applied Digital Corp,US0381692070,2838
GOOG.US,ALPHABET INC-CL C,US02079K1079,2740
AAL.US,"American Airlines Group, Inc.",US02376R1023,2691
TTD.US,The Trade Desk Inc,US88339J1051,2688
ZIM.US,ZIM Integrated Shipping Services Ltd,IL0065100930,2596
WULF.US,Terawulf Inc,US88080T1043,2447
BA.US,Boeing Company,US0970231058,2427
BBAI.US,BigBear.ai Holdings Inc,US08975B1098,2348
V.US,Visa Inc.,US92826C8394,2313
VICI.US,VICI Properties Inc,US9256521090,2289
PATH.US,UiPath Inc,US90364P1057,2253
ZM.US,Zoom Video Inc,US98980L1017,2244
DELL.US,Dell Inc.,US24703L2025,2204
ACHR.US,Archer Aviation Inc,US03945R1023,2203
APP.US,Applovin Corporation,US03831W1080,2197
DUOL.US,Duolingo Inc,US26603R1068,2160
AG.US,First Majestic Silver Corp.,CA32076V1031,2154
VZ.US,Verizon Communications,US92343V1044,2078
ASTS.US,AST SpaceMobile Inc,US00217D1000,2060
F.US,Ford Motor,US3453708600,2054
WBD.US,WARNER BROS DISCOVERY INC,US9344231041,2045
LYFT.US,Lyft Inc,US55087P1049,2004
QUBT.US,Quantum Computing Inc,US74766W1080,1997
EXK.US,Endeavour Silver Corporation,CA29258Y1034,1975
OKLO.US,OKLO INC,US02156V1098,1919
SNOW.US,Snowflake Inc.,US8334451098,1897
SNDK.US,SanDisk Corporation,US80004C2008,1887
SNAP.US,SNAP INC,US83304A1060,1872
QCOM.US,QUALCOMM Inc.,US7475251036,1850
TCGL.US,TechCreate Group,KYG8726A1067,1843
DKNG.US,DraftKings Inc,US26142V1052,1840
ARRY.US,Array Technologies Inc,US04271T1007,1818
FCX.US,Freeport-McMoran Cp & Gld,US35671D8570,1776
PONY.US,Pony AI Inc,US7329081084,1765
WMT.US,Wal-Mart Stores,US9311421039,1743
ALB.US,Albemarle Corporation,US0126531013,1716
UPST.US,Upstart,US91680M1071,1696
ALAB.US,Astera Labs,US04626A1034,1689
T.US,AT&T Inc,US00206R1023,1675
SOUN.US,SoundHound AI Inc,US8361001071,1637
CCL.US,Carnival Corp.,PA1436583006,1598
SPCE.US,Virgin Galactic Holdings Inc,US92766K4031,1591
CDE.US,Coeur Mining Inc,US1921085049,1568
OXY.US,Occidental Petroleum,US6745991058,1566
BULL.US,Webull Corporation,KYG9572D1034,1534
DJT.US,Trump Media & Technology Group Corp,US25400Q1058,1517
GTLB.US,GitLab Inc,US37637K1088,1503
MRK.US,Merck & Co.,US58933Y1055,1481
CHOW.US,ChowChow Cloud International Holdings Ltd,KYG2124J1085,1457
HOVR.US,New Horizon Aircraft Ltd,CA64550A1075,1454
DAL.US,Delta Air Lines Inc,US2473617023,1446
PAAS.US,Pan American Silver Corp.,CA6979001089,1435
INTS.US,INTENSITY THERAPEUTICS INC,US45828J1034,1432
SMX.US,Empatan PLC,IE000B8AU702,1432
PANW.US,Palo Alto Networks,US6974351057,1411
CRDO.US,Credo Technology Group Holding Ltd,KYG254571055,1411
VRT.US,Vertiv Holdings Co,US92537N1081,1345
NVTS.US,Navitas Semiconductor Corp,US63942X1063,1335
U.US,Unity Software Inc,US91332U1016,1332
BYND.US,BEYOND MEAT INC,US08862E1091,1325
PLUG.US,Plug Power Inc,US72919P2020,1310
RUN.US,Sunrun Inc,US86771W1053,1298
BE.US,Bloom Energy Corp,US0937121079,1295
PL.US,Planet Labs PBC,US72703X1063,1295
PG.US,Procter & Gamble,US7427181091,1291
XOM.US,Exxon Mobil Corp.,US30231G1022,1287
HUT.US,HUT 8 MINING CORP,US44812J1043,1270
PINS.US,Pinterest Inc,US72352L1061,1260
B.US,Barrick Mining Corp,CA06849F1080,1247
BAC.US,Bank of America Corp,US0605051046,1237
NU.US,NU HOLDINGS LTD,KYG6683N1034,1233
CRWD.US,CrowdStrike Holdings,US22788C1053,1232
WRD.US,WeRide Inc,US9509151083,1228
CVX.US,Chevron Corp.,US1667641005,1202
MP.US,MP Materials Corp,US5533681012,1201
SIDU.US,Sidus Space Inc,US8261652015,1198
MOS.US,The Mosaic Company,US61945C1036,1193
BTBT.US,BIT DIGITAL INC,KYG1144A1058,1182
ENVX.US,ENOVIX CORP,US2935941078,1171
LUNR.US,Intuitive Machines Inc,US46125A1007,1164
ZS.US,"ZSCALER, INC.",US98980G1022,1148
NXE.US,NexGen Energy Ltd,CA65340P1062,1141
XYZ.US,Block Inc,US8522341036,1140
AGNC.US,AGNC Investment Corp,US00123Q1040,1138
EOSE.US,Eos Energy Enterprises Inc,US29415C1018,1137
ANET.US,"Arista Networks, Inc.",US0404132054,1126
ASST.US,STRIVE INC,US8629451027,1124
VSCO.US,Victoria`s Secret & Co,US9264001028,1112
FUBO.US,fuboTV Inc,US35953D1046,1111
OSRH.US,OSR Holdings Inc,US68840D1028,1101
DIS.US,Walt Disney Co.,US2546871060,1098
CGC.US,CANOPY GROWTH CORP,CA1380357048,1087
ENPH.US,Enphase Energy Inc,US29355A1079,1081
OSCR.US,OSCAR HEALTH INC - CLASS A,US6877931096,1062
SNPS.US,"Synopsys, Inc.",US8716071076,1060
MBLY.US,Mobileye Global Inc,US60741F1049,1050
WVE.US,WAVE Life Sciences Ltd,SG9999014716,1044
ESPR.US,Esperion Therapeutics Inc,US29664W1053,1040
TLRY.US,TILRAY INC-CLASS 2 COMMON,US88688T2096,1039
PTON.US,Peloton Interactive,US70614W1009,1019
LLY.US,Lilly (Eli) & Co.,US5324571083,1004
BMY.US,Bristol-Myers Squibb,US1101221083,997
OPEN.US,Opendoor Technologies,US6837121036,979
AFRM.US,Affirm Holdings Inc,US00827B1061,977
QS.US,QUANTUMSCAPE CORP,US74767V1098,969
JPM.US,JPMorgan Chase & Co.,US46625H1005,964
AI.US,C3.ai Inc,US12468P1049,964
JNJ.US,Johnson & Johnson,US4781601046,960
OKTA.US,"Okta, Inc.",US6792951054,951
CCJ.US,Cameco Corporation,CA13321L1085,950
TGT.US,Target Corp.,US87612E1064,942
DDOG.US,Datadog Inc,US23804L1035,941
DOCU.US,DocuSign Inc,US2561631068,929
WDC.US,Western Digital,US9581021055,927
TMC.US,TMC the metals co Inc,CA87261Y1060,924
USAR.US,USA Rare Earth Inc,US91733P1075,917
UAL.US,"United Airlines Holdings, Inc.",US9100471096,914
SLB.US,Schlumberger Ltd.,AN8068571086,912
RDW.US,Redwire Corp,US75776W1036,908
CVNA.US,CARVANA CO,US1468691027,898
SBET.US,SharpLink Gaming Ltd,US8200144058,898
CELH.US,"Celsius Holdings, Inc. - Common Stock",US15118V2079,867
ONON.US,On Holding AG,CH1134540470,865
MO.US,Altria Group Inc,US02209S1033,860
WU.US,Western Union Co,US9598021098,854
UPS.US,United Parcel Service,US9113121068,850
UUUU.US,Energy Fuels Inc,CA2926717083,839
PEP.US,PepsiCo Inc.,US7134481081,829
UBXG.US,U-BX Technology Ltd,KYG9161K1123,826
ATEN.US,A10 Networks Inc,US0021211018,825
MCD.US,McDonald's Corp.,US5801351017,824
ANIX.US,Anixa Biosciences Inc,US03528H1095,820
MDB.US,MongoDB Inc,US60937P1066,819
HAL.US,Halliburton Co.,US4062161017,811
RDDT.US,Reddit Inc,US75734B1008,801
MAIN.US,Main Street Capital Corp,US56035L1044,794
QXO.US,QXO Inc,US82846H4056,791
BTCS.US,BTCS Inc,US05581M4042,787
ATYR.US,aTyr Pharma Inc,US0021202025,786
ARCC.US,Ares Capital Corporation,US04010L1035,781
NB.US,NioCorp Developments Ltd,CA6544846091,771
DOCN.US,DigitalOcean Holdings,US25402D1028,760
INHD.US,Inno Holdings Inc,US4576JP3077,758
UEC.US,Uranium Energy Corp.,US9168961038,754
STLA.US,STELLANTIS NV,NL00150001Q9,746
BEEM.US,Beam Global,US07373B1098,744
RBLX.US,Roblox Corp,US7710491033,743
PR.US,Permian Resources Corp,US71424F1057,740
RR.US,Richtech Robotics Inc,US7655041058,739
ALK.US,Alaska Air Group Inc.,US0116591092,737
RBRK.US,Rubrik Inc,US7811541090,737
MDLN.US,Medline,US58507V1070,734
ARE.US,Alexandria Real Estate Equities Inc,US0152711091,732
AGL.US,agilon health Inc,US00857U1079,729
HL.US,Hecla Mining Co.,US4227041062,720
EBAY.US,eBay Inc.,US2786421030,718
BTDR.US,Bitdeer Technologies Group,KYG114481008,716
KALA.US,Kala Pharmaceuticals Inc,US4831192020,715
UWMC.US,UWM Holdings Corp,US91823B1098,708
JOBY.US,Joby Aviation Inc,KYG651631007,705
CMCSA.US,Comcast Corp.,US20030N1019,687
ANF.US,Abercrombie & Fitch Company A,US0028962076,687
ABNB.US,Airbnb,US0090661010,686
CADL.US,Candel Therapeutics Inc,US1374041093,681
FTNT.US,Fortinet Inc.,US34959E1091,674
ORC.US,Orchid Island Capital Inc,US68571X3017,669
MA.US,Mastercard Inc.,US57636Q1040,666
WLTH.US,Wealthfront Corp,US9470021018,662
RIG.US,Transocean LTD,CH0048265513,661
SKYX.US,SKYX Platforms Corp,US78471E1055,654
LUV.US,Southwest Airlines,US8447411088,647
RCAT.US,Red Cat Holdings Inc,US75644T1007,646
ELF.US,ELF Beauty Inc,US26856L1035,646
GEV.US,GE Vernova LLC,US36828A1016,641
LAZR.US,Luminar Technologies Inc,US5504243032,636
NCLH.US,NORWEGIAN CRUISE LINE HOLDIN,BMG667211046,634
NEE.US,NextEra Energy Inc,US65339F1012,634
ESTC.US,Elastic NV,NL0013056914,631
CAT.US,Caterpillar Inc.,US1491231015,627
STKL.US,SunOpta Inc.,CA8676EP1086,622
NOV.EU,Novo Nordisk A/S,DK0062498333,622
FMC.US,FMC Corporation,US3024913036,617
IBM.US,International Bus. Machines,US4592001014,617
MMM.US,"3M Co.",US88579Y1010,617
RKT.US,Rocket Companies Inc,US77311W1018,613
C.US,Citigroup Inc.,US1729674242,610
LEXX.US,Lexaria Bioscience Corp,US52886N4060,609
RACE.US,Ferrari,NL0011585146,608
SBUX.US,Starbucks Corp.,US8552441094,606
SGML.US,Sigma Lithium Corp,CA8265991023,605
SERV.US,Serve Robotics Inc,US81758H1068,604
KGC.US,Kinross Gold Corp,CA4969024047,601
LFMD.US,LifeMD Inc,US53216B1044,599
SHOP.US,Shopify Inc.,CA82509L1076,592
BRZE.US,Braze Inc,US10576N1028,589
FRMI.US,Fermi Inc,US3149111086,586
NTNX.US,Nutanix Inc,US67059N1081,585
MELI.US,Mercadolibre Inc,US58733R1023,572
WRBY.US,Warby Parker Inc,US93403J1060,571
HAS.US,Hasbro Inc.,US4180561072,568
SYM.US,Symbotic Inc,US87151X1019,567
IAG.US,Iamgold Corporation,CA4509131088,567
HNST.US,Honest Co Inc-The,US4383331067,566
CORZ.US,Core Scientific Inc,US21874A1060,562
TONX.US,TON Strategy Co,US92337U3023,562
ORGN.US,Origin Materials Inc,US68622D1063,556
ORLA.US,Orla Mining Ltd,CA68634K1066,550
NET.US,Cloudflare Inc,US18915M1071,550
CLS.US,Celestica Inc,CA15101Q2071,550
NFE.US,New Fortress Energy LLC,US6443931000,546
BDTX.US,BLACK DIAMOND THERAPEUTICS,US09203E1055,544
CETX.US,Cemtrex Inc,US15130G8731,542
M.US,Macy's Inc.,US55616P1049,540
CSCO.US,Cisco Systems,US17275R1023,536
YCBD.US,cbdMD Inc,US12482W4087,532
AMAT.US,Applied Materials Inc,US0382221051,531
TMUS.US,T-Mobile US Inc.,US8725901040,531
CPRT.US,Copart Inc.,US2172041061,527
VST.US,Vistra Energy Corp,US92840M1027,525
DLO.US,Dlocal Ltd,KYG290181018,515
COST.US,Costco Co.,US22160K1051,515
PPTA.US,Perpetua Resources Corp,CA7142661031,513
PSN.US,PARSONS CORP,US70202L1026,512
UDMY.US,Udemy Inc,US9026851066,512
RXRX.US,Recursion Pharmaceuticals,US75629V1044,507
QCLS.US,Q-C Technologies Inc,US62856X3008,506
ACHV.US,Achieve Life Sciences Inc,US0044685008,504
SONY.US,SONY CORP-SPONSORED ADR,US8356993076,500
ADI.US,Analog Devices Inc,US0326541051,499
KDK.US,Kodiak AI Inc,US5000811043,496
ZDGE.US,Zedge Inc,US98923T1043,495
HPE.US,HEWLETT PACKARD ENTERPRISE CO,US42824C1099,493
ABAT.US,American Battery Technology Co,US02451V3096,493
STX.US,SEAGATE TECHNOLOGY HOLDINGS,IE00BKVD2N49,487
OKE.US,ONEOK,US6826801036,486
DHT.US,"DHT Holdings, Inc.",MHY2065G1219,486
LRN.US,STRIDE INC,US86333M1080,479
ACN.US,Accenture PLC,IE00B4BNMY34,478
BILL.US,BILL Holdings Inc,US0900431000,478
OCG.US,Oriental Culture Holding Ltd,KYG6796W1151,477
LMT.US,Lockheed Martin Corp.,US5398301094,476
TGL.US,Treasure Global Inc,US89458T4031,475
KHC.US,KRAFT HEINZ CO,US5007541064,474
MTCH.US,Match Group Inc,US57667L1070,473
CIVI.US,Civitas Resources Inc,US17888H1032,472
DC.US,Dakota Gold Corp,US46655E1001,469
LYB.US,LyondellBasell Industries NV,NL0009434992,468
SHLS.US,Shoals Technology Group,US82489W1071,467
ANDG.US,ANDERSEN GROUP,US0338531025,465
COP.US,ConocoPhillips,US20825C1045,464
OTLK.US,Outlook Therapeutics Inc,US69012T3059,463
NNOX.US,Nano-X Imaging Ltd,IL0011681371,458
FSLY.US,Fastly Inc,US31188V1008,457
NUVB.US,UVATION BIO INC,US67080N1019,456
TWLO.US,Twilio Inc,US90138F1021,455
RELY.US,REMITLY GLOBAL INC,US75960P1049,455
TTWO.US,TAKE-TWO INTERACTIVE SOFTWARE INC,US8740541094,455
RCL.US,Royal Caribbean Cruises,LR0008862868,447
PTRN.US,Pattern Group Inc,US70339W1045,446
LRCX.US,Lam Research Corporation,US5128073062,446
FSLR.US,First Solar Inc,US3364331070,446
XTKG.US,Powerbridge Technologies Co Ltd,KYG720071342,445
BITF.US,Bitfarms Ltd-Canada,CA09173B1076,445
TRIP.US,TripAdvisor Inc.,US8969452015,442
FCEL.US,FuelCell Energy Inc,US35952H7008,441
FISV.US,Fiserv Inc,US3377381088,441
HYMC.US,	Hycroft Mining Holding Corp,US44862P2083,440
DOCS.US,Doximity Inc,US26622P1075,439
CPRI.US,Capri Holdings Ltd,VGG1890L1076,437
CNXC.US,Concentrix Corp,US20602D1019,436
PAGS.US,PagSeguro Digital Ltd.,KYG687071012,436
TOST.US,TOAST INC-CLASS A,US8887871080,433
ADTX.US,Aditxt Inc,US0070258852,430
NVAX.US,Novavax share,US6700024010,428
CROX.US,Crocs Inc,US2270461096,427
UPWK.US,Upwork Inc,US91688F1049,427
KTOS.US,Kratos Defense & Security Solutions Inc.,US50077B2079,425
GE.US,General Electric,US3696043013,424
NTLA.US,Intellia Therapeutics Inc,US45826J1051,424
PERF.US,Perfect Corp,KYG7006A1094,422
CVS.US,CVS Health Corp,US1266501006,422
QTTB.US,Homology Medicines Inc,US7469641051,420
VG.US,Venture Global,US92333F1012,417
CERT.US,Certara Inc,US15687V1098,416
LAES.US,SEALSQ Corp,VGG794831062,416
CRML.US,Critical Metals Corp,VGG2662B1031,413
IBKR.US,Interactive Brokers Group Inc,US45841N1072,413
LCID.US,Lucid Group Inc,US5494982029,410
GEMI.US,"Gemini Space Station, Inc.",US36866J1051,409
ALT.US,Altimmune Inc,US02155H2004,408
VKTX.US,"Viking Therapeutics, Inc.",US92686J1060,407
CMG.US,Chipotle Mexican Grill,US1696561059,407
DLTR.US,Dollar Tree Inc.,US2567461080,404
SPOT.US,Spotify Technology SA,LU1778762911,403
AEHR.US,Aehr Test Systems,US00760J1088,402
APLT.US,"Applied Therapeutics, Inc. - Common Stock",US03828A1016,400
PM.US,Philip Morris International,US7181721090,393
RZLT.US,Rezolute Inc,US76200L3096,393
NOW.US,ServiceNow,US81762P1021,391
NEXT.US,NextDecade Corp,US65342K1051,391
PSIG.US,PS International Group Ltd,KYG7308J1132,390
KVYO.US,"Klaviyo, Inc. Series A",US49845K1016,390
DG.US,Dollar General Corp.,US2566771059,385
HP.US,Helmerich & Payne,US4234521015,384
AEO.US,American Eagle Outfitters Inc,US02553E1064,381
SEZL.US,Sezzle Inc,US78435P1057,380
MCHP.US,Microchip Technology,US5950171042,380
UPXI.US,Upexi Inc,US39959A2050,378
CEG.US,Constellation Energy Corp,US21037T1097,375
CNC.US,Centene Corp,US15135B1017,372
INOD.US,Innodata Inc.,US4576422053,371
KSS.US,Kohl's Corp.,US5002551043,371
CDNL.US,Cardinal Infrastructure,US14154A1025,370
KDP.US,Keurig Dr Pepper Inc,US49271V1008,369
XPER.US,Xperi Inc,US98423J1016,368
COHR.US,Coherent Inc,US19247G1076,364
BTG.US,B2Gold Corp,CA11777Q2099,364
DIDIY.US,DiDi Global Inc,US23292E1082,357
PAVS.US,Paranovus Entertainment Techno,KYG4289N1227,356
GM.US,General Motors share,US37045V1008,350
WWR.US,Westwater Resources Inc,US9616842061,349
GME.US,GameStop Corp.,US36467W1099,347
SRE.US,Sempra Energy,US8168511090,347
BEAT.US,BioTelemetry Inc,US42238H1086,347
ERO.US,ERO Copper Corp,CA2960061091,346
TRGP.US,Targa Resources Corp.,US87612G1013,344
METC.US,RAMACO RESOURCES INC,US75134P6007,343
ON.US,ON Semiconductor Corp,US6821891057,342
TEM.US,Tempus AI,US88023B1035,341
TEAM.US,Atlassian Corp,US0494681010,339
AZI.US,Autozi Internet Technology Global Ltd,KYG063821162,335
D.US,Dominion Resources,US25746U1097,335
ACHC.US,ACADIA HEALTHCARE CO INC,US00404A1097,335
HBAN.US,Huntington Bancshares,US4461501045,335
PLRZ.US,Polyrizon Ltd,IL0011814113,334
FDS.US,FactSet Research Systems Inc.,US3030751057,334
HIVE.US,Hive Digital Technologies Ltd,CA4339211035,334
NOG.US,Northern Oil & Gas Inc.,US6655313079,334
VITL.US,Vital Farms Inc,US92847W1036,334
GRAB.US,Grab Holdings Ltd,KYG4124C1096,334
AS.US,"Amer Sports, Inc.",KYG0260P1028,331
AMWL.US,AMERICAN WELL CORP-CLASS A,US03044L2043,331
JANX.US,Janux Therapeutics Inc,US47103J1051,329
ENGS.US,Energys Group Ltd,KYG3040B1041,329
OBDC.US,Blue Owl Capital Corp,US69121K1043,329
HPQ.US,Hewlett-Packard,US40434L1052,325
BIIB.US,BIOGEN IDEC Inc.,US09062X1037,325
LAC.US,Lithium Americas Corp,CA53681J1030,324
ZYXI.US,Zynex Inc,US98986M1036,322
BTM.US,Bitcoin Depot Inc,US09174P1057,320
SATS.US,ECHOSTAR COR,US2787681061,320
DVN.US,Devon Energy Corp.,US25179M1036,320
AES.US,AES Corp,US00130H1059,319
HD.US,Home Depot,US4370761029,319
DXCM.US,DexCom Inc,US2521311074,317
DECK.US,Deckers Outdoor Corp,US2435371073,316
BB.US,BlackBerry Ltd,CA09228F1036,316
GLSI.US,Greenwich Lifesciences Inc,US3968791083,315
MIST.US,Milestone Pharmaceuticals Inc,CA59935V1076,314
ABTC.US,AMERICAN BITCOIN CORP,US02462A1043,313
LOGC.US,CONTEXTLOGIC INC - A,US21078F1093,313
TRP.US,TC Energy Corp,CA87807B1076,313
LEU.US,Centrus Energy Corp (A),US15643U1043,312
KULR.US,Kulr Technology Group Inc,US50125G3074,308
ASAN.US,Asana Inc,US04342Y1047,306
SSRM.US,SSR Mining Inc,CA7847301032,306
SRPT.US,Sarepta Therapeutics Inc,US8036071004,306
COUR.US,Coursera Inc.,US22266M1045,306
EPAM.US,EPAM Systems Inc,US29414B1044,304
ZTS.US,Zoetis Inc.,US98978V1035,304
MRVI.US,Maravai LifeSciences,US56600D1072,301
AIRE.US,REALPHA TECH CORP,US75607T1051,301
ROKU.US,Roku Inc,US77543R1023,301
ASPI.US,ASP Isotopes Inc,US00218A1051,300
MDLZ.US,"Mondelez International, Inc.",US6092071058,299
DASH.US,Doordash,US25809K1051,299
CAPR.US,Capricor Therapeutics Inc,US14070B3096,298
KOS.US,Kosmos Energy Ltd.,US5006881065,297
LVO.US,LIVEONE INC,US53814X3008,297
DXYZ.US,Destiny Tech100 Inc,US25063F1075,296
EQX.US,Equinox Gold Corp,CA29446Y5020,296
CGEN.US,Compugen Ltd,IL0010852080,295
GIS.US,General Mills,US3703341046,295
WAY.US,Waystar Holding Corp,US9467841055,295
GLXY.US,Galaxy Digital Inc,US36317J2096,294
LITE.US,Lumentum Holdings Inc,US55024U1097,293
IOT.US,Samsara Inc,US79589L1061,292
NRSN.US,NeuroSense Therapeutics Ltd,IL0011809592,292
BMRN.US,BIOMARIN PHARMACEUTICAL Inc,US09061G1013,291
SEDG.US,SolarEdge Technologies Inc,US83417M1045,288
CFLT.US,Confluent Inc,US20717M1036,287
IVR.US,INVESCO MORTGAGE CAPITAL INC,US46131B7047,287
OUST.US,Ouster Inc,US68989M2026,286
PCSA.US,Processa Pharmaceuticals Inc,US74275C4033,283
VOYG.US,Voyager Technologies,US92892B1035,280
NRGV.US,Energy Vault Holdings Inc,US29280W1099,280
DVLT.US,Datavault AI Inc,US86633R6099,280
FRSH.US,Freshworks,US3580541049,277
PSTG.US,Pure Storage Inc,US74624M1027,277
BEAM.US,Beam Therapeutics Inc,US07373V1052,272
MNTS.US,Momentus Inc,US60879E4089,269
ABBV.US,AbbVie Inc.,US00287Y1091,269
BLK.US,Blackrock,US09290D1019,268
AMCR.US,AMCOR PLC,JE00BJ1F3079,267
ACB.US,AURORA CANNABIS,CA05156X8504,267
HRTX.US,Heron Therapeutics Inc,US4277461020,264
DOW.US,Dow Chemical,US2605571031,263
ANVS.US,ANNOVIS BIO,US03615A1088,262
LEN.US,Lennar Corp.,US5260571048,261
EL.US,Estee Lauder Cos.,US5184391044,261
CSIQ.US,Canadian Solar Inc. ADS,CA1366351098,260
PRM.US,Perimeter Solutions SA,US71385M1071,259
LIN.US,LINDE PLC,IE000S9YS762,257
POET.US,POET Technologies Inc,CA73044W3021,255
APO.US,Apollo Global Management LLC,US03769M1062,255
SHEL.US,Shell plc,US7802593050,254
VMAR.US,VISION MARINE TECHNOLOGIES,CA92840Q3017,253
GAU.US,Galiano Gold,CA36352H1001,253
ETN.US,Eaton Corp.,IE00B8KQN827,252
FAST.US,Fastenal Co,US3119001044,252
TSN.US,Tyson Foods,US9024941034,251
ARTV.US,Artiva Biotherapeutics Inc,US04317A1079,251
CRSP.US,Crispr Therapeutics AG,CH0334081137,251
AMT.US,American Tower Corp A,US03027X1000,249
FLY.US,Firefly Aerospace Inc,US31816X1063,249
DXC.US,DXC Technology Co,US23355L1061,248
STIM.US,Neuronetics Inc,US64131A1051,248
TWG.US,Top Wealth Group Holding Ltd,KYG8945S1104,248
TDOC.US,Teladoc Inc,US87918A1051,247
AMKR.US,Amkor Technology Inc,US0316521006,247
SEGG.US,Lottery.com Inc,US54570M3060,247
INTU.US,Intuit Inc,US4612021034,246
COMM.US,CommScope Holding Co Inc,US20337X1090,246
PGY.US,PAGAYA TECHNOLOGIES LTD,IL0011858912,245
TTAN.US,ServiceTitan,US81764X1037,245
PLAY.US,Dave & Busters Entertainment Inc,US2383371091,244
PSIX.US,POWER SOLUTIONS INTERNATIONA,US73933G2021,244
BSY.US,BENTLEY SYSTEMS INC,US08265T2087,243
NUE.US,Nucor Corp.,US6703461052,243
SKYT.US,SkyWater Technology Inc,US83089J1088,242
ARDX.US,"Ardelyx, Inc.",US0396971071,242
QURE.US,uniQure NV,NL0010696654,241
NKTR.US,Nektar Therapeutics Inc,US6402683063,240
ABVX.US,Abivax SA (ABVX@SBF),US00370M1036,240
CLF.US,Cleveland-Cliffs Inc,US1858991011,240
BIRK.US,Birkenstock Holding Plc,JE00BS44BN30,240
AEVA.US,AEVA TECHNOLOGIES INC,US00835Q2021,240
EIX.US,Edison International,US2810201077,239
FIX.US,Comfort Systems USA IncShs,US1999081045,238
VSME.US,VS MEDIA Holdings Ltd,VGG9517U1030,238
GT.US,Goodyear Tire & Rubber,US3825501014,238
SOC.US,SABLE OFFSHORE CORP,US78574H1041,237
W.US,Wayfair Inc,US94419L1017,236
BYRN.US,Byrna Technologies Inc,US12448X2018,235
MSGY.US,MASONGLORY LTD,KYG6007A1004,234
HSDT.US,Helius Medical Technologies Inc,US42328V8761,234
NGD.US,New Gold Inc.,CA6445351068,232
ARLO.US,Arlo Technologies,US04206A1016,232
RYAN.US,Ryan Specialty Group Holdings Inc,US78351F1075,232
NNE.US,NANO Nuclear Energy Inc,US63010H1086,231
REVB.US,REVELATION BIOSCIENCES INC,US76135L7055,230
SG.US,	Sweetgreen Inc,US87043Q1085,230
HXHX.US,Haoxin Holdings Ltd,KYG4290D1051,229
CAVA.US,CAVA GROUP INC,US1489291021,228
SANA.US,Sana Biotechnology,US7995661045,227
GOVX.US,Geovax Labs Inc,US3736786068,226
APH.US,Amphenol Corp A,US0320951017,226
CMBT.US,EURONAV NV,BE0003816338,226
COO.US,The Cooper Companies Inc,US2166485019,225
BETA.US,BETA Technologies,US0869211039,223
ENVB.US,Enveric Biosciences Inc,US29405E5050,223
OXSQ.US,Oxford Square Capital Corp,US69181V1070,223
KYIV.US,KYIVSTAR GROUP LTD,BMG5331N1011,223
MNDY.US,Monday.Com Ltd,IL0011762130,222
GMAB.US,Genmab A/S,US3723032062,222
BHVN.US,Biohaven Pharmaceutical Holding Co Ltd,VGG111961055,220
CPNG.US,Coupang,US22266T1097,219
WFC.US,Wells Fargo,US9497461015,219
LFST.US,LifeStance Health Group Inc,US53228F1012,219
CGEM.US,CULLINAN MANAGEMENT INC,US2300311063,218
PLCE.US,Children's Place Retail Stores Inc.,US1689051076,217
RGNX.US,REGENXBIO Inc,US75901B1070,217
OWL.US,Blue Owl Capital Inc,US09581B1035,217
PMCB.US,PharmaCyte Biotech Inc,US71715X2036,215
STZ.US,Constellation Brands,US21036P1084,215
FLYE.US,FLY-E Group Inc,US3439273075,215
DUK.US,Duke Energy Corp,US26441C2044,215
EVTL.US,Vertical Aerospace Ltd,KYG9471C2068,214
REGN.US,Regeneron Pharmaceuticals Inc.,US75886F1075,214
UTI.US,Universal Technical Institute Inc,US9139151040,213
KURA.US,	Kura Oncology Inc,US50127T1097,213
VELO.US,VELO3D INC,US92259N3026,212
DEFT.US,Defi Technologies Inc,CA2449161025,212
AMPX.US,Amprius Technologies Inc,US03214Q1085,212
TRMD.US,TORM PLC,GB00BZ3CNK81,210
ABEO.US,Abeona Therapeutics Inc.,US00289Y2063,210
BKKT.US,Bakkt Holdings Inc,US05759B3050,210
RZLV.US,Rezolve AI Ltd,GB00BQH8G337,210
VOR.US,Vor Biopharma,US9290332074,209
PSEC.US,Prospect Capital share,US74348T1025,208
MIGI.US,Mawson Infrastructure Group In,US57778N4060,208
FDX.US,FedEx Corporation,US31428X1063,207
ISSC.US,Innovative Solutions and Support IncShs,US45769N1054,207
ABT.US,Abbott Laboratories,US0028241000,207
HROW.US,HARROW HEALTH INC,US4158581094,205
BLSH.US,Bullish,KYG169101204,204
ALLY.US,ALLY FINANCIAL INC,US02005N1000,203
IRM.US,Iron Mountain Incorporated,US46284V1017,202
LMND.US,Lemonade Inc.,US52567D1072,202
CHWY.US,Chewy,US16679L1098,202
BX.US,The Blackstone Group L.P.,US09260D1072,201
HRZN.US,HORIZON TECHNOLOGY FIN CORP,US44045A1025,201
TMDX.US,TRANSMEDICS GROUP INC,US89377M1099,201
ADP.US,Automatic Data Processing,US0530151036,200
BLNK.US,Blink Charging Co,US09354A1007,200
WAB.US,Wabtec,US9297401088,199
IIPR.US,Innovative Industrial Properties Inc,US45781V1017,198
OMC.US,Omnicom Group,US6819191064,197
URNJ.US,Sprott Junior Uranium Miners ETF,US85208P8086,197
GRRR.US,GRRR,KYG4000K1756,196
PSNL.US,Personalis Inc,US71535D1063,196
BTU.US,Peabody Energy,US7045511000,196
LW.US,Lamb Weston Holdings Inc,US5132721045,196
MDT.US,Medtronic Inc.,IE00BTN1Y115,196
GLDG.US,GoldMining Inc,CA38149E1016,195
KIM.US,Kimco Realty,US49446R1095,195
PENN.US,Penn National Gaming Inc.,US7075691094,195
DT.US,Dynatrace Holdings,US2681501092,195
APPS.US,DIGITAL TURBINE INC,US25400W1027,194
CTRA.US,COTERRA ENERGY INC,US1270971039,194
CETY.US,Clean Energy Technologies Inc,US18452H3057,194
WKHS.US,WORKHORSE GROUP INC,US98138J5039,193
IBIO.US,IBIO INC,US4510337086,193
BRKR.US,Bruker Corp,US1167941087,192
HTGC.US,Hercules Technology Growth Capital IncShs,US4270965084,192
STAG.US,STAG INDUSTRIAL INC,US85254J1025,192
AAOI.US,"Applied Optoelectronics, Inc.",US03823U1025,192
AEM.US,Agnico Eagle Mines Limited,CA0084741085,192
CENX.US,Century Aluminum Co,US1564311082,191
HESM.US,Hess Midstream LP,US4281031058,191
DHI.US,D. R. Horton,US23331A1097,191
KTTA.US,Pasithea Therapeutics Corp,US70261F2020,191
VSAT.US,Viasat Inc,US92552V1008,190
AGI.US,ALAMOS GOLD INC-CLASS A,CA0115321089,190
ALKT.US,Alkami Technology inc,US01644J1088,190
TXN.US,Texas Instruments,US8825081040,189
PSKY.US,Paramount Skydance Corp,US69932A2042,189
AMGN.US,Amgen Inc,US0311621009,189
SYNA.US,Synaptics Incorporated,US87157D1090,188
SPRY.US,ARS Pharmaceuticals Inc,US82835W1080,188
DE.US,DEERE & CO,US2441991054,187
WM.US,Waste Management Inc.,US94106L1098,187
BMEA.US,Biomea Fusion Inc,US09077A1060,187
ITRG.US,INTEGRA RESOURCES CORP,CA45826T5098,186
NRG.US,NRG Energy,US6293775085,186
DAVE.US,Dave Inc,US23834J2015,186
CIEN.US,Ciena Corp,US1717793095,185
VFC.US,V.F. Corp.,US9182041080,184
DBRG.US,DIGITALBRIDGE GROUP INC,US25401T6038,184
ETOR.US,eToro,VGG320891077,184
IRDM.US,Iridium Communications Inc,US46269C1027,183
DNN.US,Denison Mines Corp,CA2483561072,183
CTM.US,Castellum Inc,US14838T2042,183
AEHL.US,Antelope Enterprise Holdings Limited,VGG041JN1305,182
NG.US,Novagold Resources Inc,CA66987E2069,182
VOXR.US,Vox Royalty Corp,CA92919F1036,182
AIR.EU,Airbus SE,NL0000235190,181
TSCO.US,Tractor Supply Co.,US8923561067,181
MS.US,Morgan Stanley,US6174464486,180
MLTX.US,MoonLake Immunotherapeutics,KY61559X1045,180
PD.US,PagerDuty Inc,US69553P1003,180
BN.US,Brookfield Corp,CA11271J1075,179
RTX.US,Raytheon Technologies Corp,US75513E1010,179
WOK.US,WORK Medical Technology Group Ltd,KYG9767H1175,178
SPGI.US,SPGI,US78409V1044,177
AXP.US,American Express Co,US0258161092,177
COSM.US,Cosmos Holdings Inc,US2214133058,176
DX.US,Dynex Capital Inc,US26817Q8868,176
ACXP.US,Acurx Pharmaceuticals Inc,US00510M2035,173
KLAR.US,Klarna Group plc,GB00BMHVL512,173
APA.US,Apache Corporation,US03743Q1085,173
NEWT.US,NewtekOne Inc,US6525262035,173
CLOV.US,CLOVER HEALTH INVESTMENTS CORP,US18914F1030,173
MYO.US,Myomo Inc,US62857J2015,172
TE.US,T1 Energy Inc,US35834F1049,172
WMB.US,Williams Cos.,US9694571004,172
HLT.US,Hilton Worldwide Holdings Inc,US43300A2033,171
GS.US,Goldman Sachs Group,US38141G1040,170
KMB.US,Kimberly-Clark,US4943681035,170
SIRI.US,Sirius XM Holding Inc,US8299331004,169
FSM.US,FORTUNA MINING CORP,CA3499421020,169
NLY.US,Annaly Capital Management share,US0357108390,169
AMC.US,AMC Entertainment Holdings Inc,US00165C3025,168
FOUR.US,Shift4 Payments Inc,US82452J1097,167
ARQT.US,Arcutis Biotherapeutics Inc,US03969K1088,167
OLMA.US,Olema Pharmaceuticals Inc,US68062P1066,167
VIR.US,VIR BIOTECHNOLOGY INC,US92764N1028,166
STKS.US,The One Group Hospitality Inc,US88338K1034,165
CPB.US,Campbell Soup,US1344291091,165
WIX.US,Wix.com Ltd,IL0011301780,165
ODD.US,ODDITY Tech Ltd,IL0011974909,165
PSNY.US,Polestar Automotive Holding UK PLC,US7311054099,165
SILA.US,Sila Realty Trust Inc,US1462805086,164
LC.US,LendingClub Corp,US52603A2087,164
OLPX.US,Olaplex Holdings Inc,US6793691089,164
AIRS.US,"AirSculpt Technologies, Inc.",US0094961002,164
NDAQ.US,Nasdaq Inc,US6311031081,164
QH.US,Quhuo Ltd,US74841Q3083,162
GAP.US,Gap Inc-The,US3647601083,162
ETSY.US,Etsy Inc,US29786A1060,162
TERN.US,Terns Pharmaceuticals Inc,US8808811074,161
SGMO.US,"Sangamo Therapeutics, Inc.",US8006771062,161
CODI.US,Compass Diversified Holdings Shs of Benef Interest,US20451Q1040,161
WYFI.US,WhiteFiber,KYG961151035,160
FLYW.US,Flywire Corporation,US3024921039,160
SLM.US,SLM Corporation,US78442P1066,159
UCTT.US,Ultra Clean Holdings Inc,US90385V1070,159
GCT.US,GigaCloud Technology Inc,KYG386441037,159
DXPE.US,DXP Enterprises Inc.,US2333774071,159
BALL.US,BALL CORP,US0584981064,158
CTXR.US,Citius Pharmaceuticals Inc,US17322U3068,158
JACK.US,Jack in the Box Inc.,US4663671091,158
CARR.US,Carrier Global Corp,US14448C1045,158
WBUY.US,Webuy Global Ltd,KYG9513S1104,158
HOG.US,Harley-Davidson,US4128221086,158
TNXP.US,Tonix Pharmaceuticals Holding Corp,US8902608392,158
NBY.US,"NovaBay Pharmaceuticals, Inc.",US66987P4090,157
CAKE.US,CHEESECAKE FACTORY INC-THE,US1630721017,157
GILD.US,Gilead Sciences,US3755581036,157
PAYO.US,Payoneer Global Inc,US70451X1046,156
IDT.US,IDT Corp,US4489475073,156
KITT.US,Nauticus Robotics Inc,US63911H3066,156
AVAV.US,AeroVironment Inc.,US0080731088,155
VERI.US,Veritone Inc,US92347M1009,155
HBM.US,Hudbay Minerals Inc,CA4436281022,155
ALDX.US,Aldeyra Therapeutics Inc,US01438T1060,154
INMB.US,INmune Bio Inc,US45782T1051,154
SFD.US,Smithfield Foods Inc,US8322482071,154
BDRX.US,Biodexa Pharmaceuticals Plc,US59564R8806,153
WTI.US,"W&T Offshore, Inc.",US92922P1066,153
ETON.US,Eton Pharmaceuticals Inc,US29772L1089,152
INTR.US,Inter & Co Inc,KYG4R20B1074,152
HAFN.US,HAFNIA LTD,SGXZ53070850,152
AVAH.US,Aveanna Healthcare Holdings Inc,US05356F1057,152
FATE.US,Fate Therapeutics Inc,US31189P1021,152
CWAN.US,Clearwater Analytics Holdings Inc,US1851231068,152
JHG.US,Janus Henderson Group PLC,JE00BYPZJM29,151
ACMR.US,ACM Research Inc Registered Shs -A,US00108J1097,151
GOSS.US,Gossamer Bio Inc,US38341P1021,150
ALLT.US,Allot Ltd. - Ordinary Shares,IL0010996549,150
FOLD.US,Amicus Therapeutics Inc,US03152W1099,150
WDAY.US,Workday,US98138H1014,150
TDW.US,Tidewater Inc.,US88642R1095,149
TU.US,TELUS Corp,CA87971M1032,149
AAON.US,"AAON, Inc.",US0003602069,149
GPN.US,	GLOBAL PAYMENTS INC,US37940X1028,149
ATCH.US,AtlasClear Holdings Inc,US1287452056,148
WPM.US,Wheaton Precious Metals Corp.,CA9628791027,148
TASK.US,TaskUS Inc,US87652V1098,148
MGM.US,MGM Resorts International,US5529531015,148
ACVA.US,ACV Auctions Inc,US00091G1040,148
SONN.US,Sonnet BioTherapeutics Holding,US83548R4020,148
MASK.US,"3 E Network Technology Group Ltd",VGG8849D1107,147
ATRA.US,Atara Biotherapeutics Inc,US0465132068,147
SRTS.US,Sensus Healthcare Inc,US81728J1097,147
CHTR.US,Charter Communications Inc.,US16119P1084,147
TGTX.US,"TG Therapeutics, Inc.",US88322Q1085,147
CRH.US,CRH PLC,IE0001827041,146
PYXS.US,Pyxis Oncology Inc,US7473241013,146
DNUT.US,Krispy Kreme Inc,US50101L1061,146
UP.US,Wheels Up,US96328L2051,146
VTGN.US,VistaGen Therapeutics Inc,US92840H4002,146
ADSK.US,Autodesk Inc,US0527691069,146
MAGH.US,Magnitude International Ltd,KYG57Y0E1004,146
DBI.US,DESIGNER BRANDS INC,US2505651081,146
HST.US,Host Hotels & Resorts,US44107P1049,146
SRAD.US,SPORTRADAR GROUP AG,CH1134239669,145
RPRX.US,ROYALTY PHARMA PLC,GB00BMVP7Y09,145
VRNS.US,Varonis System Inc,US9222801022,145
RH.US,RESTORATION HDW,US74967X1037,145
EBC.US,EASTERN BANKSHARES INC,US27627N1054,145
VENU.US,Venu Holding Corp,US92333E1047,145
NOG.EU,NOSTRUM OIL & GAS,GB00BQVVS097,144
PETS.US,PetMed Express Inc,US7163821066,144
SAR.US,Saratoga Investment Corp,US80349A2087,144
EQT.US,EQT Corporation,US26884L1098,144
PLAB.US,Photronics Inc.,US7194051022,143
BBGI.US,"Beasley Broadcast Group, Inc",US0740142007,143
CHYM.US,Chime Financial,US16935C1099,143
AXTI.US,AXT Inc,US00246W1036,142
USB.US,U.S. Bancorp,US9029733048,142
BTTC.US,Black Titan Corp,KYG1156E1026,142
EGO.US,Eldorado Gold Corp,CA2849025093,142
QSI.US,QUANTUM-SI INC,US74765K1051,142
CRSR.US,"Corsair Gaming, Inc.",US22041X1028,141
ABUS.US,Arbutus Biopharma Corp,CA03879J1003,141
TTMI.US,"TTM Technologies, Inc.",US87305R1095,141
NE.US,Noble Corp,GB00BMXNWH07,141
BTCT.US,BTC Digital Ltd,KYG6055H1552,140
GOCO.US,GoHealth,US38046W2044,140
HON.US,Honeywell Int'l Inc.,US4385161066,139
CTAS.US,Cintas Corporation,US1729081059,139
CDNS.US,Cadence Design Systems Inc,US1273871087,139
GORO.US,Gold Resource Corp,US38068T1051,139
BKSY.US,BlackSky Technology Inc,US09263B2079,139
KMI.US,Kinder Morgan Inc.,US49456B1017,139
ALGS.US,Aligos Therapeutics Inc,US01626L2043,138
EXFY.US,Expensify Inc,US30219Q1067,138
LUMN.US,Lumen Technologies Inc,US5502411037,138
NCPL.US,Netcapital Inc,US64113L2025,137
SVM.US,Silvercorp Metals Inc,CA82835P1036,137
SGBX.US,SG BLOCKS INC,US78418A7037,137
KYTX.US,Kyverna Therapeutics Inc.,US5019761049,135
URBN.US,Urban Outfitters,US9170471026,135
SFL.US,SFL Corp Ltd,BMG7738W1064,135
VTYX.US,Ventyx Biosciences Inc,US92332V1070,134
PALI.US,Palisade Bio Inc,US6963894026,133
WRN.US,Western Copper and Gold Corp,CA95805V1085,133
PCG.US,PG&E Corp.,US69331C1080,133
EOG.US,EOG Resources,US26875P1012,133
IOVA.US,Lion Biotechnologies Inc Registered Shs,US4622601007,132
ATPC.US,Agape ATP Corp,US0083892077,132
GLBE.US,Global-E Online Ltd,IL0011741688,132
ENTG.US,Entegris Inc.,US29362U1043,132
ASML.EU,ASML Holding,NL0010273215,131
TMQ.US,Trilogy Metals Inc,CA89621C1059,131
SNDL.US,Sundial Growers Inc,CA83307B1013,131
ARWR.US,"Arrowhead Pharmaceuticals, Inc.",US04280A1007,131
BCRX.US,BioCryst Pharmaceuticals Inc,US09058V1035,130
ARCT.US,ARCTURUS THERAPEUTICS HOLDINGS INC,US03969T1097,130
HLF.US,Herbalife share,KYG4412G1010,130
FIVN.US,Five9 Inc,US3383071012,130
APG.US,API GROUP CORP,US00187Y1001,130
FJET.US,Starfighters Space Inc,US85529M1045,130
ULTA.US,Ulta Salon Cosmetics & Fragrance Inc.,US90384S3031,130
PHR.US,Phreesia Inc,US71944F1066,130
WFRD.US,Weatherford International PLC,IE00BLNN3691,129
SGHC.US,Super Group SGHC Ltd,GG00BMG42V42,129
PSQH.US,PSQ Holdings Inc,US6936911071,129
CHPT.US,ChargePoint Holdings Inc,US15961R3030,129
CTKB.US,"Cytek BioSciences, Inc.",US23285D1090,129
FLG.US,Flagstar Financial Inc,US6494454001,129
INCY.US,Incyte Corp.,US45337C1027,129
VRTX.US,Vertex Pharmaceuticals Incorporated,US92532F1003,129
ATHA.US,Athira Pharma,US04746L2034,129
NAKA.US,Kindly MD Inc,US49457M1062,128
XCUR.US,Exicure Inc,US30205M3097,128
EW.US,Edwards Lifesciences,US28176E1082,128
UAA.US,Under Armour Inc A,US9043111072,128
FE.US,FirstEnergy Corp,US3379321074,128
CRGY.US,Crescent Energy Inc,US44952J1043,128
CRGO.US,CRGO,KYG514051013,128
SFM.US,Sprouts Farmers Market Inc,US85208M1027,127
MMI.US,Marcus & Millichap Inc,US5663241090,127
DD.US,Du Pont (E.I.),US26614N1028,127
DDD.US,"3D Systems share",US88554D2053,127
NEWP.US,NEW PACIFIC METALS CORP,CA64782A1075,126
AVNW.US,"Aviat Networks, Inc. - Common Stock",US05366Y2019,126
KKR.US,KKR & Co. L.P.,US48251W1045,126
TXG.US,"10X GENOMICS INC",US88025U1097,125
RC.US,READY CAPITAL CORP,US75574U1016,124
OCGN.US,Ocugen Inc,US67577C1053,124
GSBD.US,Goldman Sachs BDC Inc,US38147U1079,124
INMD.US,InMode Ltd,IL0011595993,124
LEVI.US,LEVI STRAUSS & CO,US52736R1023,123
ISRG.US,Intuitive Surgical Inc.,US46120E6023,123
ARBK.US,Argo Blockchain PLC,US0401263027,123
OR.US,OR Royalties Inc,CA68390D1069,123
SAVA.US,CASSAVA SCIENCES INC,US14817C1071,122
PSTV.US,PLUS THERAPEUTICS INC,US72941H5090,122
CBLL.US,Ceribell,US15678C1027,122
LENZ.US,LENZ Therapeutics Inc,US52635N1037,122
PLD.US,ProLogis,US74340W1036,122
MVST.US,Microvast Holdings Inc,US59516C1062,122
VERA.US,Vera Therapeutics Inc,US92337R1014,122
ICE.US,IntercontinentalExchange Inc.,US45866F1049,122
AMTM.US,Amentum Holdings Inc,US0239391016,121
GEN.US,Gen Digital Inc,US6687711084,121
GSL.US,Global Ship Lease Inc,MHY271836006,121
IMRX.US,IMMUNEERING CORP,US45254E1073,121
MOH.US,Molina Healthcare Inc.,US60855R1005,120
CRMD.US,CorMedix Inc,US21900C3088,120
BKR.US,Baker Hughes Co,US05722G1004,120
HRL.US,Hormel Foods Corp.,US4404521001,120
NMFC.US,NEW MTN FIN CORP,US6475511001,120
SA.US,Seabridge Gold IncShs,CA8119161054,119
LGHL.US,LION GROUP HOLDING LTD,US53620U7063,119
CAG.US,ConAgra Foods Inc.,US2058871029,118
ENB.US,Enbridge Inc,CA29250N1050,118
TER.US,Teradyne Inc.,US8807701029,118
ALMS.US,Alumis Inc,US0223071020,118
SYY.US,Sysco Corp.,US8718291078,117
QTRX.US,Quanterix Corp,US74766Q1013,117
RVPH.US,Reviva Pharmaceuticals Holdings Inc,US76152G1004,117
ASM.US,Avino Silver & Gold Mines Ltd. Common Shares (Canada),CA0539061030,117
SYK.US,Stryker Corp.,US8636671013,117
CART.US,Maplebear Inc.,US5653941030,117
TPR.US,Tapestry Inc,US8760301072,117
EXPE.US,Expedia Inc.,US30212P3038,117
LEG.US,Leggett & Platt,US5246601075,116
ALLO.US,Allogene Therapeutics Inc,US0197701065,116
GAIA.US,Gaia Inc (A),US36269P1049,116
CALM.US,Cal-Maine Foods Inc.,US1280302027,116
TPVG.US,Triplepoint Venture Growth BDC Corp,US89677Y1001,116
NTSK.US,Netskope One,US64119N6085,116
UFG.US,Uni-Fuels Holdings Ltd,KYG92Y4F1006,115
CYPH.US,Cypherpunk Technologies Inc,US52187K2006,115
KD.US,Kyndryl Holdings Inc,US50155Q1004,115
XP.US,XP Inc,KYG982391099,115
MNST.US,Monster Beverage Corporation,US61174X1090,115
CNK.US,CINEMARK HOLDINGS INC,US17243V1026,114
ABCL.US,AbCellera Biologics,CA00288U1066,114
WOLF.US,Wolfspeed Inc,US97785W1062,114
RANI.US,Rani Therapeutics Holdings Inc,US7530181004,114
LAR.US,Lithium Argentina AG,CH1403212751,114
STEX.US,Streamex Corp,US09073N3008,114
OABI.US,OmniAb Inc,US68218J1034,114
TRIN.US,TRINITY CAPITAL INC,US8964423086,113
VNDA.US,Vanda Pharmaceuticals Inc,US9216591084,113
WEN.US,Wendys International Inc.,US95058W1009,113
TIGO.US,Millicom International Cellular SA,LU0038705702,113
VINP.US,Vinci Partners Investments Ltd,KYG9451V1095,112
AGX.US,Argan Inc,US04010E1091,112
AR.US,Antero Resources Corp,US03674X1063,112
VNOM.US,Viper Energy Partners LP Partnership Units,US64361Q1013,112
HTZ.US,"Hertz Global Holdings, Inc",US42806J7000,112
OTEX.US,Open Text Corp,CA6837151068,112
RJF.US,	Raymond James Financial Inc,US7547301090,112
MAIA.US,MAIA Biotechnology Inc,US5526411021,111
PVH.US,PVH Corp,US6936561009,111
SRFM.US,Surf Air Mobility Inc,US8689272032,111
ENR.EU,SIEMENS ENERGY,DE000ENER6Y0,110
FTEL.US,Fitell Corp,KYG351501385,110
TT.US,Trane Technologies plc,IE00BK9ZQ967,110
PACB.US,Pacific Biosciences of California Inc,US69404D1081,110
QMCO.US,Quantum Corp,US7479066000,110
VIVK.US,Vivakor Inc,US92852R4039,110
TENB.US,TENABLE HOLDINGS INC,US88025T1025,110
MPWR.US,Monolithic Power Systems Inc,US6098391054,110
ARMN.US,Aris Mining Corp,CA04040Y1097,109
USAS.US,Americas Silver Corp,CA03062D8035,109
PBF.US,PBF Energy Inc,US69318G1067,109
PK.US,Park Hotels & Resorts Inc.,US7005171050,109
ALIT.US,ALIGHT INC,US01626W1018,109
L.US,Loews Corp.,US5404241086,109
SILO.US,Silo Pharma Inc,US82711P2011,109
MKC.US,McCormick & Co.,US5797802064,108
FIGR.US,"Figure Technology Solutions, Inc.",US3493811034,108
NCNO.US,nCino Inc,US63947X1019,108
FLEX.US,FLEX LTD,SG9999000020,108
CYTK.US,Cytokinetics Inc,US23282W6057,107
SLDE.US,Slide Insurance Holdings Inc,US8313491057,106
TALK.US,TALKSPACE INC,US87427V1035,106
RXT.US,Rackspace Technology Inc,US7501021056,106
EXE.US,Expand Energy Corp,US1651677353,106
ATRC.US,AtriCure Inc.,US04963C2098,106
UBS.US,UBS GROUP AG,CH0244767585,106
STRL.US,Sterling Construction Company Inc,US8592411016,105
AXIL.US,AXIL Brands Inc,US76151R2067,105
AUR.US,Aurora Innovation Inc,US0517741072,105
KVUE.US,Kenvue Inc,US49177J1025,104
TKNO.US,Alpha Teknova Inc,US02080L1026,104
A.US,Agilent Technologies Inc,US00846U1016,104
VET.US,Vermilion Energy Inc,CA9237251058,104
DNLI.US,Denali Therapeutics Inc,US24823R1059,104
SKYH.US,Sky Harbour Group Corp,US83085C1071,104
DSP.US,Viant Technology Inc,US92557A1016,104
ALL.US,Allstate Corp,US0200021014,103
KARO.US,Karooooo Ltd,SGXZ19450089,103
FROG.US,Jfrog Ltd,IL0011684185,103
XZO.US,Exzeo Group,US30234F1012,103
BSX.US,Boston Scientific,US1011371077,102
CSTM.US,Constellium Nv,FR0013467479,102
GLW.US,Corning Inc.,US2193501051,102
EFC.US,ELLINGTON FINL LLC,US28852N1090,102
CFG.US,Citizens Financial Group Inc,US1746101054,102
SBLK.US,Star Bulk Carriers Corp.,MHY8162K2046,102
ONTO.US,ONTO INNOVATION INC,US6833441057,102
AREC.US,American Resources Corp,US02927U2087,102
ACLS.US,Axcelis Technologies Inc,US0545402085,101
HUM.US,Humana Inc.,US4448591028,101
URG.US,UR-ENERGY INC,CA91688R1082,101
EDHL.US,Everbright Digital Holding Ltd,KYG322121057,101
LFVN.US,Lifevantage Corp,US53222K2050,101
SPWR.US,SunPower Corporation,US20460L1044,101
ATOS.US,Atossa Genetics Inc,US04962H5063,100
PLG.US,Platinum Group Metals Ltd,CA72765Q8829,100
VCYT.US,Veracyte Inc,US92337F1075,100
JBS.US,JBS NV,NL0015002J37,100
VTEX.US,VTEX,KYG9470A1022,100
DAR.US,Darling Ingredients Inc,US2372661015,100
TOI.US,Oncology Institute Inc-The,US68236X1000,99
TECK.US,Teck Resources Ltd,CA8787422044,99
COMP.US,Compass Inc,US20464U1007,99
CMPX.US,COMPASS THERAPEUTICS INC,US20454B1044,99
BLND.US,Blend Labs Inc,US09352U1088,99
DHR.US,Danaher Corp.,US2358511028,99
KLAC.US,KLA-Tencor Corp.,US4824801009,99
SKYW.US,SkyWest Inc.,US8308791024,98
ELV.US,Elevance Health Inc,US0367521038,98
NXPI.US,NXP Semiconductors share,NL0009538784,98
EXOD.US,Exodus Movement Inc,US30209R1068,97
ALGN.US,Align Technology Inc.,US0162551016,97
ATLX.US,Atlas Lithium Inc,US1058613068,97
SONO.US,Sonos Inc,US83570H1086,97
BBY.US,Best Buy Co. Inc.,US0865161014,97
EHTH.US,eHealth Inc.,US28238P1093,97
SEI.US,Solaris Energy Infrastructure,US83418M1036,97
BIVI.US,Biovie Inc,US09074F5044,97
SCHW.US,Charles Schwab,US8085131055,96
TSSI.US,TSS Inc,US87288V1017,96
CI.US,Cigna Group,US1255231003,96
RHI.US,Robert Half International,US7703231032,96
STNE.US,StoneCo Ltd,KYG851581069,96
PACS.US,PACS Group,US69380Q1076,96
AXGN.US,Axogen Inc,US05463X1063,95
PMN.US,ProMIS Neurosciences Inc,CA74346M5054,95
NKLR.US,Terra Innovatum Global N.V.,NL0015002Q12,95
HGBL.US,HERITAGE GLOBAL INC,US42727E1038,95
NAVN.US,Navan,US6391931010,95
ITT.US,ITT Inc,US45073V1089,95
TDC.US,Teradata Corp.,US88076W1036,95
GOOD.US,Gladstone Commercial Corp,US3765361080,94
DPZ.US,Dominos Pizza Inc.,US25754A2015,94
BHC.US,BAUSCH HEALTH COS INC,CA0717341071,94
OWLT.US,Owlet Inc,US69120X2062,94
ASTI.US,Ascent Solar Technologies Inc,US0436358040,94
BLLN.US,BillionToOne,US0901681058,94
YOU.US,Clear Secure Inc,US18467V1098,94
VRAX.US,Virax Biolabs Group Ltd,KYG9495L1251,93
INVA.US,Theravance Inc,US45781M1018,93
BFLY.US,BUTTERFLY NETWORK INC,US1241551027,93
ZENA.US,ZenaTech Inc,CA98936T2083,93
CTGO.US,Contango ORE Inc,US21077F1003,92
NRIX.US,Nurix Therapeutics,US67080M1036,92
MGNI.US,MAGNITE INC,US55955D1000,92
HCWB.US,HCW Biologics Inc,US40423R2040,92
NTAP.US,NetApp,US64110D1046,92
FLO.US,Flowers Foods Inc,US3434981011,92
GWRS.US,GLOBAL WATER RESOURCES INC,US3794631024,92
SEMR.US,"SEMrush Holdings, Inc.",US81686C1045,92
PUMP.US,ProPetro Holding Corp,US74347M1080,91
ETHZ.US,ETHZilla Corp,US68236V4014,91
NXDR.US,Nextdoor Holdings Inc,US65345M1080,91
